"option1attribute1","option1attribute2","option2attribute1","option2attribute2","option3attribute1","option3attribute2","trialid"
0.78293276228942,0.553036311641335,0.842371922684833,0.548137531277378,0.893071293461617,0.381596548361748,4
0.459065726259723,0.332394674187526,0.760806660400704,-0.318777102990635,0.54498902865059,-0.326739416395701,8
0.399994368897751,0.325352151878178,0.91416866495274,-0.217314287466972,0.573877187313462,-0.166478113040255,12
0.270260145887733,0.99268406117335,0.537246674764901,0.132746089070176,0.32421949860078,0.185750571303433,16
0.484349524369463,0.173442334868014,0.993991413386539,-0.133309436825972,0.727587936662305,-0.213246568199995,20
